No. categoria,SKU,Titulo espanol,Descripcion espanol,Titulo google espanol,Descripcion de google espanol,Titulo ingles,Descripcion ingles,Titulo google ingles,Descripcion de google ingles,alt imagen 0 espanol,alt imagen 1 espanol,alt imagen 2 espanol,alt imagen 3 espanol,alt imagen 4 espanol,alt imagen 5 espanol,alt imagen 6 espanol,alt imagen 7 espanol,alt imagen 8 espanol,alt imagen 9 espanol,alt imagen 0 ingles,alt imagen 1 ingles,alt imagen 2 ingles,alt imagen 3 ingles,alt imagen 4 ingles,alt imagen 5 ingles,alt imagen 6 ingles,alt imagen 7 ingles,alt imagen 8 ingles,alt imagen 9 ingles
10,PROD001,Refrigerador de 9 pies cúbicos,Refrigerador marca Whirlpool con capacidad de 9 pies cúbicos,Refrigerador de 9 pies en venta,Refrigerador marca Whirlpool con capacidad de 9 pies cúbicos,9 cubic foot refrigerator,Whirlpool brand refrigerator with 9 cubic feet capacity,9 foot refrigerator for sale,Whirlpool brand refrigerator with capacity of 9 cubic feet,Refrigerador de 9 pies cúbicos visto de frente,refrigerador de 9 pies cúbicos visto de lado,,,,,,,,,Front view of 9 cubic feet refrigerator,Side view of 9 cubic feet refrigerator,,,,,,,,
10,PROD002,Refrigerador de 12 pies cúbicos,Refrigerador marca Whirlpool con capacidad de 12 pies cúbicos,Refrigerador de 12 pies en venta,Refrigerador marca Whirlpool con capacidad de 12 pies cúbicos,12 cubic foot refrigerator,Whirlpool brand refrigerator with 12 cubic feet capacity,12 foot refrigerator for sale,Whirlpool brand refrigerator with capacity of 12 cubic feet,Refrigerador de 12 pies cúbicos visto de frente,refrigerador de 12 pies cúbicos visto de lado,,,,,,,,,Front view of 12 cubic feet refrigerator,Side view of 12 cubic feet refrigerator,,,,,,,,
10,PROD003,Refrigerador de 21 pies cúbicos,Refrigerador marca Whirlpool con capacidad de 21 pies cúbicos,Refrigerador de 21 pies en venta,Refrigerador marca Whirlpool con capacidad de 21 pies cúbicos,21 cubic foot refrigerator,Whirlpool brand refrigerator with 21 cubic feet capacity,21 foot refrigerator for sale,Whirlpool brand refrigerator with capacity of 21 cubic feet,Refrigerador de 21 pies cúbicos visto de frente,refrigerador de 21 pies cúbicos visto de lado,,,,,,,,,Front view of 21 cubic feet refrigerator,Side view of 21 cubic feet refrigerator,,,,,,,,
10,PROD004,Refrigerador de 18 pies cúbicos,Refrigerador marca Whirlpool con capacidad de 18 pies cúbicos,Refrigerador de 18 pies en venta,Refrigerador marca Whirlpool con capacidad de 18 pies cúbicos,18 cubic foot refrigerator,Whirlpool brand refrigerator with 18 cubic feet capacity,18 foot refrigerator for sale,Whirlpool brand refrigerator with capacity of 18 cubic feet,Refrigerador de 18 pies cúbicos visto de frente,refrigerador de 18 pies cúbicos visto de lado,,,,,,,,,Front view of 18 cubic feet refrigerator,Side view of 18 cubic feet refrigerator,,,,,,,,
10,PROD005,Refrigerador de 21 pies cúbicos,Refrigerador marca Whirlpool con capacidad de 21 pies cúbicos,Refrigerador de 21 pies en venta,Refrigerador marca Whirlpool con capacidad de 21 pies cúbicos,21 cubic foot refrigerator,Whirlpool brand refrigerator with 21 cubic feet capacity,21 foot refrigerator for sale,Whirlpool brand refrigerator with capacity of 21 cubic feet,Refrigerador de 21 pies cúbicos visto de frente,refrigerador de 21 pies cúbicos visto de lado,,,,,,,,,Front view of 21 cubic feet refrigerator,Side view of 21 cubic feet refrigerator,,,,,,,,
